Data_file_name,Column_name,Shapefile_name,Unit_count,Subject_population,Year,Measure,Variable1,Variable1_category,Field_name_alias
2023 Census totals by topic for households by statistical area 2 (SA2),SA22023_V1_00,SA22023_V1,,,,,Dwelling address - Statistical area 2,Code,Statistical area 2 (SA2) 2023 code
2023 Census totals by topic for households by statistical area 2 (SA2),SA22023_V1_00_NAME,SA22023__1,,,,,Dwelling address - Statistical area 2,Name,Statistical area 2 (SA2) 2023 name
2023 Census totals by topic for households by statistical area 2 (SA2),SA22023_V1_00_NAME_ASCII,SA22023__2,,,,,Dwelling address - Statistical area 2,ASCII name,Statistical area 2 (SA2) 2023 name no macrons
2023 Census totals by topic for households by statistical area 2 (SA2),VAR_4_1,VAR_4_1,Dwelling,Households in occupied private dwellings,2013,Count,Count of households in occupied private dwellings,Total,"Subject pop: Households in occupied private dwellings, Year: 2013, Measure: Count, Var1: Count of households in occupied private dwellings (Total)"
2023 Census totals by topic for households by statistical area 2 (SA2),VAR_4_2,VAR_4_2,Dwelling,Households in occupied private dwellings,2018,Count,Count of households in occupied private dwellings,Total,"Subject pop: Households in occupied private dwellings, Year: 2018, Measure: Count, Var1: Count of households in occupied private dwellings (Total)"
2023 Census totals by topic for households by statistical area 2 (SA2),VAR_4_3,VAR_4_3,Dwelling,Households in occupied private dwellings,2023,Count,Count of households in occupied private dwellings,Total,"Subject pop: Households in occupied private dwellings, Year: 2023, Measure: Count, Var1: Count of households in occupied private dwellings (Total)"
2023 Census totals by topic for households by statistical area 2 (SA2),VAR_4_4,VAR_4_4,Dwelling,Households in occupied private dwellings,2013,Count,Access to telecommunication systems (total responses),No access to telecommunication systems,"Subject pop: Households in occupied private dwellings, Year: 2013, Measure: Count, Var1: Access to telecommunication systems (No access to telecommunication systems)"
2023 Census totals by topic for households by statistical area 2 (SA2),VAR_4_5,VAR_4_5,Dwelling,Households in occupied private dwellings,2013,Count,Access to telecommunication systems (total responses),Access to a cellphone/mobile phone,"Subject pop: Households in occupied private dwellings, Year: 2013, Measure: Count, Var1: Access to telecommunication systems (Access to a cellphone/mobile phone)"
2023 Census totals by topic for households by statistical area 2 (SA2),VAR_4_6,VAR_4_6,Dwelling,Households in occupied private dwellings,2013,Count,Access to telecommunication systems (total responses),Access to a telephone,"Subject pop: Households in occupied private dwellings, Year: 2013, Measure: Count, Var1: Access to telecommunication systems (Access to a telephone)"
2023 Census totals by topic for households by statistical area 2 (SA2),VAR_4_7,VAR_4_7,Dwelling,Households in occupied private dwellings,2013,Count,Access to telecommunication systems (total responses),Access to a fax machine,"Subject pop: Households in occupied private dwellings, Year: 2013, Measure: Count, Var1: Access to telecommunication systems (Access to a fax machine)"
2023 Census totals by topic for households by statistical area 2 (SA2),VAR_4_8,VAR_4_8,Dwelling,Households in occupied private dwellings,2013,Count,Access to telecommunication systems (total responses),Access to the internet,"Subject pop: Households in occupied private dwellings, Year: 2013, Measure: Count, Var1: Access to telecommunication systems (Access to the internet)"
2023 Census totals by topic for households by statistical area 2 (SA2),VAR_4_9,VAR_4_9,Dwelling,Households in occupied private dwellings,2013,Count,Access to telecommunication systems (total responses),Not Elsewhere Included,"Subject pop: Households in occupied private dwellings, Year: 2013, Measure: Count, Var1: Access to telecommunication systems (Not Elsewhere Included)"
2023 Census totals by topic for households by statistical area 2 (SA2),VAR_4_10,VAR_4_10,Dwelling,Households in occupied private dwellings,2013,Count,Access to telecommunication systems (total responses),Total,"Subject pop: Households in occupied private dwellings, Year: 2013, Measure: Count, Var1: Access to telecommunication systems (Total)"
2023 Census totals by topic for households by statistical area 2 (SA2),VAR_4_11,VAR_4_11,Dwelling,Households in occupied private dwellings,2013,Count,Access to telecommunication systems (total responses),Total stated,"Subject pop: Households in occupied private dwellings, Year: 2013, Measure: Count, Var1: Access to telecommunication systems (Total stated)"
2023 Census totals by topic for households by statistical area 2 (SA2),VAR_4_12,VAR_4_12,Dwelling,Households in occupied private dwellings,2018,Count,Access to telecommunication systems (total responses),No access to telecommunication systems,"Subject pop: Households in occupied private dwellings, Year: 2018, Measure: Count, Var1: Access to telecommunication systems (No access to telecommunication systems)"
2023 Census totals by topic for households by statistical area 2 (SA2),VAR_4_13,VAR_4_13,Dwelling,Households in occupied private dwellings,2018,Count,Access to telecommunication systems (total responses),Access to a cellphone/mobile phone,"Subject pop: Households in occupied private dwellings, Year: 2018, Measure: Count, Var1: Access to telecommunication systems (Access to a cellphone/mobile phone)"
2023 Census totals by topic for households by statistical area 2 (SA2),VAR_4_14,VAR_4_14,Dwelling,Households in occupied private dwellings,2018,Count,Access to telecommunication systems (total responses),Access to a telephone,"Subject pop: Households in occupied private dwellings, Year: 2018, Measure: Count, Var1: Access to telecommunication systems (Access to a telephone)"
2023 Census totals by topic for households by statistical area 2 (SA2),VAR_4_15,VAR_4_15,Dwelling,Households in occupied private dwellings,2018,Count,Access to telecommunication systems (total responses),Access to a fax machine,"Subject pop: Households in occupied private dwellings, Year: 2018, Measure: Count, Var1: Access to telecommunication systems (Access to a fax machine)"
2023 Census totals by topic for households by statistical area 2 (SA2),VAR_4_16,VAR_4_16,Dwelling,Households in occupied private dwellings,2018,Count,Access to telecommunication systems (total responses),Access to the internet,"Subject pop: Households in occupied private dwellings, Year: 2018, Measure: Count, Var1: Access to telecommunication systems (Access to the internet)"
2023 Census totals by topic for households by statistical area 2 (SA2),VAR_4_17,VAR_4_17,Dwelling,Households in occupied private dwellings,2018,Count,Access to telecommunication systems (total responses),Not Elsewhere Included,"Subject pop: Households in occupied private dwellings, Year: 2018, Measure: Count, Var1: Access to telecommunication systems (Not Elsewhere Included)"
2023 Census totals by topic for households by statistical area 2 (SA2),VAR_4_18,VAR_4_18,Dwelling,Households in occupied private dwellings,2018,Count,Access to telecommunication systems (total responses),Total,"Subject pop: Households in occupied private dwellings, Year: 2018, Measure: Count, Var1: Access to telecommunication systems (Total)"
2023 Census totals by topic for households by statistical area 2 (SA2),VAR_4_19,VAR_4_19,Dwelling,Households in occupied private dwellings,2018,Count,Access to telecommunication systems (total responses),Total stated,"Subject pop: Households in occupied private dwellings, Year: 2018, Measure: Count, Var1: Access to telecommunication systems (Total stated)"
2023 Census totals by topic for households by statistical area 2 (SA2),VAR_4_20,VAR_4_20,Dwelling,Households in occupied private dwellings,2023,Count,Access to telecommunication systems (total responses),No access to telecommunication systems,"Subject pop: Households in occupied private dwellings, Year: 2023, Measure: Count, Var1: Access to telecommunication systems (No access to telecommunication systems)"
2023 Census totals by topic for households by statistical area 2 (SA2),VAR_4_21,VAR_4_21,Dwelling,Households in occupied private dwellings,2023,Count,Access to telecommunication systems (total responses),Access to a cellphone/mobile phone,"Subject pop: Households in occupied private dwellings, Year: 2023, Measure: Count, Var1: Access to telecommunication systems (Access to a cellphone/mobile phone)"
2023 Census totals by topic for households by statistical area 2 (SA2),VAR_4_22,VAR_4_22,Dwelling,Households in occupied private dwellings,2023,Count,Access to telecommunication systems (total responses),Access to a telephone,"Subject pop: Households in occupied private dwellings, Year: 2023, Measure: Count, Var1: Access to telecommunication systems (Access to a telephone)"
2023 Census totals by topic for households by statistical area 2 (SA2),VAR_4_23,VAR_4_23,Dwelling,Households in occupied private dwellings,2023,Count,Access to telecommunication systems (total responses),Access to a fax machine,"Subject pop: Households in occupied private dwellings, Year: 2023, Measure: Count, Var1: Access to telecommunication systems (Access to a fax machine)"
2023 Census totals by topic for households by statistical area 2 (SA2),VAR_4_24,VAR_4_24,Dwelling,Households in occupied private dwellings,2023,Count,Access to telecommunication systems (total responses),Access to the internet,"Subject pop: Households in occupied private dwellings, Year: 2023, Measure: Count, Var1: Access to telecommunication systems (Access to the internet)"
2023 Census totals by topic for households by statistical area 2 (SA2),VAR_4_25,VAR_4_25,Dwelling,Households in occupied private dwellings,2023,Count,Access to telecommunication systems (total responses),Not Elsewhere Included,"Subject pop: Households in occupied private dwellings, Year: 2023, Measure: Count, Var1: Access to telecommunication systems (Not Elsewhere Included)"
2023 Census totals by topic for households by statistical area 2 (SA2),VAR_4_26,VAR_4_26,Dwelling,Households in occupied private dwellings,2023,Count,Access to telecommunication systems (total responses),Total,"Subject pop: Households in occupied private dwellings, Year: 2023, Measure: Count, Var1: Access to telecommunication systems (Total)"
2023 Census totals by topic for households by statistical area 2 (SA2),VAR_4_27,VAR_4_27,Dwelling,Households in occupied private dwellings,2023,Count,Access to telecommunication systems (total responses),Total stated,"Subject pop: Households in occupied private dwellings, Year: 2023, Measure: Count, Var1: Access to telecommunication systems (Total stated)"
2023 Census totals by topic for households by statistical area 2 (SA2),VAR_4_28,VAR_4_28,Household,Households in occupied private dwellings,2013,Count,Household crowding index,Crowded,"Subject pop: Households in occupied private dwellings, Year: 2013, Measure: Count, Var1: Household crowding index (Crowded)"
2023 Census totals by topic for households by statistical area 2 (SA2),VAR_4_29,VAR_4_29,Household,Households in occupied private dwellings,2013,Count,Household crowding index,Two or more bedrooms needed (severely crowded),"Subject pop: Households in occupied private dwellings, Year: 2013, Measure: Count, Var1: Household crowding index (Two or more bedrooms needed (severely crowded))"
2023 Census totals by topic for households by statistical area 2 (SA2),VAR_4_30,VAR_4_30,Household,Households in occupied private dwellings,2013,Count,Household crowding index,One bedroom needed (crowded),"Subject pop: Households in occupied private dwellings, Year: 2013, Measure: Count, Var1: Household crowding index (One bedroom needed (crowded))"
2023 Census totals by topic for households by statistical area 2 (SA2),VAR_4_31,VAR_4_31,Household,Households in occupied private dwellings,2013,Count,Household crowding index,Not crowded,"Subject pop: Households in occupied private dwellings, Year: 2013, Measure: Count, Var1: Household crowding index (Not crowded)"
2023 Census totals by topic for households by statistical area 2 (SA2),VAR_4_32,VAR_4_32,Household,Households in occupied private dwellings,2013,Count,Household crowding index,No bedrooms needed and none spare,"Subject pop: Households in occupied private dwellings, Year: 2013, Measure: Count, Var1: Household crowding index (No bedrooms needed and none spare)"
2023 Census totals by topic for households by statistical area 2 (SA2),VAR_4_33,VAR_4_33,Household,Households in occupied private dwellings,2013,Count,Household crowding index,One bedroom spare,"Subject pop: Households in occupied private dwellings, Year: 2013, Measure: Count, Var1: Household crowding index (One bedroom spare)"
2023 Census totals by topic for households by statistical area 2 (SA2),VAR_4_34,VAR_4_34,Household,Households in occupied private dwellings,2013,Count,Household crowding index,Two or more bedrooms spare,"Subject pop: Households in occupied private dwellings, Year: 2013, Measure: Count, Var1: Household crowding index (Two or more bedrooms spare)"
2023 Census totals by topic for households by statistical area 2 (SA2),VAR_4_35,VAR_4_35,Household,Households in occupied private dwellings,2013,Count,Household crowding index,Not stated,"Subject pop: Households in occupied private dwellings, Year: 2013, Measure: Count, Var1: Household crowding index (Not stated)"
2023 Census totals by topic for households by statistical area 2 (SA2),VAR_4_36,VAR_4_36,Household,Households in occupied private dwellings,2013,Count,Household crowding index,Total,"Subject pop: Households in occupied private dwellings, Year: 2013, Measure: Count, Var1: Household crowding index (Total)"
2023 Census totals by topic for households by statistical area 2 (SA2),VAR_4_37,VAR_4_37,Household,Households in occupied private dwellings,2013,Count,Household crowding index,Total stated,"Subject pop: Households in occupied private dwellings, Year: 2013, Measure: Count, Var1: Household crowding index (Total stated)"
2023 Census totals by topic for households by statistical area 2 (SA2),VAR_4_38,VAR_4_38,Household,Households in occupied private dwellings,2018,Count,Household crowding index,Crowded,"Subject pop: Households in occupied private dwellings, Year: 2018, Measure: Count, Var1: Household crowding index (Crowded)"
2023 Census totals by topic for households by statistical area 2 (SA2),VAR_4_39,VAR_4_39,Household,Households in occupied private dwellings,2018,Count,Household crowding index,Two or more bedrooms needed (severely crowded),"Subject pop: Households in occupied private dwellings, Year: 2018, Measure: Count, Var1: Household crowding index (Two or more bedrooms needed (severely crowded))"
2023 Census totals by topic for households by statistical area 2 (SA2),VAR_4_40,VAR_4_40,Household,Households in occupied private dwellings,2018,Count,Household crowding index,One bedroom needed (crowded),"Subject pop: Households in occupied private dwellings, Year: 2018, Measure: Count, Var1: Household crowding index (One bedroom needed (crowded))"
2023 Census totals by topic for households by statistical area 2 (SA2),VAR_4_41,VAR_4_41,Household,Households in occupied private dwellings,2018,Count,Household crowding index,Not crowded,"Subject pop: Households in occupied private dwellings, Year: 2018, Measure: Count, Var1: Household crowding index (Not crowded)"
2023 Census totals by topic for households by statistical area 2 (SA2),VAR_4_42,VAR_4_42,Household,Households in occupied private dwellings,2018,Count,Household crowding index,No bedrooms needed and none spare,"Subject pop: Households in occupied private dwellings, Year: 2018, Measure: Count, Var1: Household crowding index (No bedrooms needed and none spare)"
2023 Census totals by topic for households by statistical area 2 (SA2),VAR_4_43,VAR_4_43,Household,Households in occupied private dwellings,2018,Count,Household crowding index,One bedroom spare,"Subject pop: Households in occupied private dwellings, Year: 2018, Measure: Count, Var1: Household crowding index (One bedroom spare)"
2023 Census totals by topic for households by statistical area 2 (SA2),VAR_4_44,VAR_4_44,Household,Households in occupied private dwellings,2018,Count,Household crowding index,Two or more bedrooms spare,"Subject pop: Households in occupied private dwellings, Year: 2018, Measure: Count, Var1: Household crowding index (Two or more bedrooms spare)"
2023 Census totals by topic for households by statistical area 2 (SA2),VAR_4_45,VAR_4_45,Household,Households in occupied private dwellings,2018,Count,Household crowding index,Not stated,"Subject pop: Households in occupied private dwellings, Year: 2018, Measure: Count, Var1: Household crowding index (Not stated)"
2023 Census totals by topic for households by statistical area 2 (SA2),VAR_4_46,VAR_4_46,Household,Households in occupied private dwellings,2018,Count,Household crowding index,Total,"Subject pop: Households in occupied private dwellings, Year: 2018, Measure: Count, Var1: Household crowding index (Total)"
2023 Census totals by topic for households by statistical area 2 (SA2),VAR_4_47,VAR_4_47,Household,Households in occupied private dwellings,2018,Count,Household crowding index,Total stated,"Subject pop: Households in occupied private dwellings, Year: 2018, Measure: Count, Var1: Household crowding index (Total stated)"
2023 Census totals by topic for households by statistical area 2 (SA2),VAR_4_48,VAR_4_48,Household,Households in occupied private dwellings,2023,Count,Household crowding index,Crowded,"Subject pop: Households in occupied private dwellings, Year: 2023, Measure: Count, Var1: Household crowding index (Crowded)"
2023 Census totals by topic for households by statistical area 2 (SA2),VAR_4_49,VAR_4_49,Household,Households in occupied private dwellings,2023,Count,Household crowding index,Two or more bedrooms needed (severely crowded),"Subject pop: Households in occupied private dwellings, Year: 2023, Measure: Count, Var1: Household crowding index (Two or more bedrooms needed (severely crowded))"
2023 Census totals by topic for households by statistical area 2 (SA2),VAR_4_50,VAR_4_50,Household,Households in occupied private dwellings,2023,Count,Household crowding index,One bedroom needed (crowded),"Subject pop: Households in occupied private dwellings, Year: 2023, Measure: Count, Var1: Household crowding index (One bedroom needed (crowded))"
2023 Census totals by topic for households by statistical area 2 (SA2),VAR_4_51,VAR_4_51,Household,Households in occupied private dwellings,2023,Count,Household crowding index,Not crowded,"Subject pop: Households in occupied private dwellings, Year: 2023, Measure: Count, Var1: Household crowding index (Not crowded)"
2023 Census totals by topic for households by statistical area 2 (SA2),VAR_4_52,VAR_4_52,Household,Households in occupied private dwellings,2023,Count,Household crowding index,No bedrooms needed and none spare,"Subject pop: Households in occupied private dwellings, Year: 2023, Measure: Count, Var1: Household crowding index (No bedrooms needed and none spare)"
2023 Census totals by topic for households by statistical area 2 (SA2),VAR_4_53,VAR_4_53,Household,Households in occupied private dwellings,2023,Count,Household crowding index,One bedroom spare,"Subject pop: Households in occupied private dwellings, Year: 2023, Measure: Count, Var1: Household crowding index (One bedroom spare)"
2023 Census totals by topic for households by statistical area 2 (SA2),VAR_4_54,VAR_4_54,Household,Households in occupied private dwellings,2023,Count,Household crowding index,Two or more bedrooms spare,"Subject pop: Households in occupied private dwellings, Year: 2023, Measure: Count, Var1: Household crowding index (Two or more bedrooms spare)"
2023 Census totals by topic for households by statistical area 2 (SA2),VAR_4_55,VAR_4_55,Household,Households in occupied private dwellings,2023,Count,Household crowding index,Not stated,"Subject pop: Households in occupied private dwellings, Year: 2023, Measure: Count, Var1: Household crowding index (Not stated)"
2023 Census totals by topic for households by statistical area 2 (SA2),VAR_4_56,VAR_4_56,Household,Households in occupied private dwellings,2023,Count,Household crowding index,Total,"Subject pop: Households in occupied private dwellings, Year: 2023, Measure: Count, Var1: Household crowding index (Total)"
2023 Census totals by topic for households by statistical area 2 (SA2),VAR_4_57,VAR_4_57,Household,Households in occupied private dwellings,2023,Count,Household crowding index,Total stated,"Subject pop: Households in occupied private dwellings, Year: 2023, Measure: Count, Var1: Household crowding index (Total stated)"
2023 Census totals by topic for households by statistical area 2 (SA2),VAR_4_58,VAR_4_58,Household,Households in occupied private dwellings,2013,Count,Household composition,One-family household (with or without other people),"Subject pop: Households in occupied private dwellings, Year: 2013, Measure: Count, Var1: Household composition (One-family household (with or without other people))"
2023 Census totals by topic for households by statistical area 2 (SA2),VAR_4_59,VAR_4_59,Household,Households in occupied private dwellings,2013,Count,Household composition,Two-family household (with or without other people),"Subject pop: Households in occupied private dwellings, Year: 2013, Measure: Count, Var1: Household composition (Two-family household (with or without other people))"
2023 Census totals by topic for households by statistical area 2 (SA2),VAR_4_60,VAR_4_60,Household,Households in occupied private dwellings,2013,Count,Household composition,Three or more family household (with or without other people),"Subject pop: Households in occupied private dwellings, Year: 2013, Measure: Count, Var1: Household composition (Three or more family household (with or without other people))"
2023 Census totals by topic for households by statistical area 2 (SA2),VAR_4_61,VAR_4_61,Household,Households in occupied private dwellings,2013,Count,Household composition,Other multi-person household,"Subject pop: Households in occupied private dwellings, Year: 2013, Measure: Count, Var1: Household composition (Other multi-person household)"
2023 Census totals by topic for households by statistical area 2 (SA2),VAR_4_62,VAR_4_62,Household,Households in occupied private dwellings,2013,Count,Household composition,One-person household,"Subject pop: Households in occupied private dwellings, Year: 2013, Measure: Count, Var1: Household composition (One-person household)"
2023 Census totals by topic for households by statistical area 2 (SA2),VAR_4_63,VAR_4_63,Household,Households in occupied private dwellings,2013,Count,Household composition,Household composition unidentifiable,"Subject pop: Households in occupied private dwellings, Year: 2013, Measure: Count, Var1: Household composition (Household composition unidentifiable)"
2023 Census totals by topic for households by statistical area 2 (SA2),VAR_4_64,VAR_4_64,Household,Households in occupied private dwellings,2013,Count,Household composition,Total,"Subject pop: Households in occupied private dwellings, Year: 2013, Measure: Count, Var1: Household composition (Total)"
2023 Census totals by topic for households by statistical area 2 (SA2),VAR_4_65,VAR_4_65,Household,Households in occupied private dwellings,2013,Count,Household composition,Total stated,"Subject pop: Households in occupied private dwellings, Year: 2013, Measure: Count, Var1: Household composition (Total stated)"
2023 Census totals by topic for households by statistical area 2 (SA2),VAR_4_66,VAR_4_66,Household,Households in occupied private dwellings,2018,Count,Household composition,One-family household (with or without other people),"Subject pop: Households in occupied private dwellings, Year: 2018, Measure: Count, Var1: Household composition (One-family household (with or without other people))"
2023 Census totals by topic for households by statistical area 2 (SA2),VAR_4_67,VAR_4_67,Household,Households in occupied private dwellings,2018,Count,Household composition,Two-family household (with or without other people),"Subject pop: Households in occupied private dwellings, Year: 2018, Measure: Count, Var1: Household composition (Two-family household (with or without other people))"
2023 Census totals by topic for households by statistical area 2 (SA2),VAR_4_68,VAR_4_68,Household,Households in occupied private dwellings,2018,Count,Household composition,Three or more family household (with or without other people),"Subject pop: Households in occupied private dwellings, Year: 2018, Measure: Count, Var1: Household composition (Three or more family household (with or without other people))"
2023 Census totals by topic for households by statistical area 2 (SA2),VAR_4_69,VAR_4_69,Household,Households in occupied private dwellings,2018,Count,Household composition,Other multi-person household,"Subject pop: Households in occupied private dwellings, Year: 2018, Measure: Count, Var1: Household composition (Other multi-person household)"
2023 Census totals by topic for households by statistical area 2 (SA2),VAR_4_70,VAR_4_70,Household,Households in occupied private dwellings,2018,Count,Household composition,One-person household,"Subject pop: Households in occupied private dwellings, Year: 2018, Measure: Count, Var1: Household composition (One-person household)"
2023 Census totals by topic for households by statistical area 2 (SA2),VAR_4_71,VAR_4_71,Household,Households in occupied private dwellings,2018,Count,Household composition,Household composition unidentifiable,"Subject pop: Households in occupied private dwellings, Year: 2018, Measure: Count, Var1: Household composition (Household composition unidentifiable)"
2023 Census totals by topic for households by statistical area 2 (SA2),VAR_4_72,VAR_4_72,Household,Households in occupied private dwellings,2018,Count,Household composition,Total,"Subject pop: Households in occupied private dwellings, Year: 2018, Measure: Count, Var1: Household composition (Total)"
2023 Census totals by topic for households by statistical area 2 (SA2),VAR_4_73,VAR_4_73,Household,Households in occupied private dwellings,2018,Count,Household composition,Total stated,"Subject pop: Households in occupied private dwellings, Year: 2018, Measure: Count, Var1: Household composition (Total stated)"
2023 Census totals by topic for households by statistical area 2 (SA2),VAR_4_74,VAR_4_74,Household,Households in occupied private dwellings,2023,Count,Household composition,One-family household (with or without other people),"Subject pop: Households in occupied private dwellings, Year: 2023, Measure: Count, Var1: Household composition (One-family household (with or without other people))"
2023 Census totals by topic for households by statistical area 2 (SA2),VAR_4_75,VAR_4_75,Household,Households in occupied private dwellings,2023,Count,Household composition,Two-family household (with or without other people),"Subject pop: Households in occupied private dwellings, Year: 2023, Measure: Count, Var1: Household composition (Two-family household (with or without other people))"
2023 Census totals by topic for households by statistical area 2 (SA2),VAR_4_76,VAR_4_76,Household,Households in occupied private dwellings,2023,Count,Household composition,Three or more family household (with or without other people),"Subject pop: Households in occupied private dwellings, Year: 2023, Measure: Count, Var1: Household composition (Three or more family household (with or without other people))"
2023 Census totals by topic for households by statistical area 2 (SA2),VAR_4_77,VAR_4_77,Household,Households in occupied private dwellings,2023,Count,Household composition,Other multi-person household,"Subject pop: Households in occupied private dwellings, Year: 2023, Measure: Count, Var1: Household composition (Other multi-person household)"
2023 Census totals by topic for households by statistical area 2 (SA2),VAR_4_78,VAR_4_78,Household,Households in occupied private dwellings,2023,Count,Household composition,One-person household,"Subject pop: Households in occupied private dwellings, Year: 2023, Measure: Count, Var1: Household composition (One-person household)"
2023 Census totals by topic for households by statistical area 2 (SA2),VAR_4_79,VAR_4_79,Household,Households in occupied private dwellings,2023,Count,Household composition,Household composition unidentifiable,"Subject pop: Households in occupied private dwellings, Year: 2023, Measure: Count, Var1: Household composition (Household composition unidentifiable)"
2023 Census totals by topic for households by statistical area 2 (SA2),VAR_4_80,VAR_4_80,Household,Households in occupied private dwellings,2023,Count,Household composition,Total,"Subject pop: Households in occupied private dwellings, Year: 2023, Measure: Count, Var1: Household composition (Total)"
2023 Census totals by topic for households by statistical area 2 (SA2),VAR_4_81,VAR_4_81,Household,Households in occupied private dwellings,2023,Count,Household composition,Total stated,"Subject pop: Households in occupied private dwellings, Year: 2023, Measure: Count, Var1: Household composition (Total stated)"
2023 Census totals by topic for households by statistical area 2 (SA2),VAR_4_82,VAR_4_82,Household,Households in occupied private dwellings,2013,Count,Number of usual residents in household,One usual resident,"Subject pop: Households in occupied private dwellings, Year: 2013, Measure: Count, Var1: Number of usual residents in household (One usual resident)"
2023 Census totals by topic for households by statistical area 2 (SA2),VAR_4_83,VAR_4_83,Household,Households in occupied private dwellings,2013,Count,Number of usual residents in household,Two usual residents,"Subject pop: Households in occupied private dwellings, Year: 2013, Measure: Count, Var1: Number of usual residents in household (Two usual residents)"
2023 Census totals by topic for households by statistical area 2 (SA2),VAR_4_84,VAR_4_84,Household,Households in occupied private dwellings,2013,Count,Number of usual residents in household,Three usual residents,"Subject pop: Households in occupied private dwellings, Year: 2013, Measure: Count, Var1: Number of usual residents in household (Three usual residents)"
2023 Census totals by topic for households by statistical area 2 (SA2),VAR_4_85,VAR_4_85,Household,Households in occupied private dwellings,2013,Count,Number of usual residents in household,Four usual residents,"Subject pop: Households in occupied private dwellings, Year: 2013, Measure: Count, Var1: Number of usual residents in household (Four usual residents)"
2023 Census totals by topic for households by statistical area 2 (SA2),VAR_4_86,VAR_4_86,Household,Households in occupied private dwellings,2013,Count,Number of usual residents in household,Five usual residents,"Subject pop: Households in occupied private dwellings, Year: 2013, Measure: Count, Var1: Number of usual residents in household (Five usual residents)"
2023 Census totals by topic for households by statistical area 2 (SA2),VAR_4_87,VAR_4_87,Household,Households in occupied private dwellings,2013,Count,Number of usual residents in household,Six usual residents,"Subject pop: Households in occupied private dwellings, Year: 2013, Measure: Count, Var1: Number of usual residents in household (Six usual residents)"
2023 Census totals by topic for households by statistical area 2 (SA2),VAR_4_88,VAR_4_88,Household,Households in occupied private dwellings,2013,Count,Number of usual residents in household,Seven usual residents,"Subject pop: Households in occupied private dwellings, Year: 2013, Measure: Count, Var1: Number of usual residents in household (Seven usual residents)"
2023 Census totals by topic for households by statistical area 2 (SA2),VAR_4_89,VAR_4_89,Household,Households in occupied private dwellings,2013,Count,Number of usual residents in household,Eight or more usual residents,"Subject pop: Households in occupied private dwellings, Year: 2013, Measure: Count, Var1: Number of usual residents in household (Eight or more usual residents)"
2023 Census totals by topic for households by statistical area 2 (SA2),VAR_4_90,VAR_4_90,Household,Households in occupied private dwellings,2013,Count,Number of usual residents in household,Number of usual residents unidentifiable,"Subject pop: Households in occupied private dwellings, Year: 2013, Measure: Count, Var1: Number of usual residents in household (Number of usual residents unidentifiable)"
2023 Census totals by topic for households by statistical area 2 (SA2),VAR_4_91,VAR_4_91,Household,Households in occupied private dwellings,2013,Count,Number of usual residents in household,Total,"Subject pop: Households in occupied private dwellings, Year: 2013, Measure: Count, Var1: Number of usual residents in household (Total)"
2023 Census totals by topic for households by statistical area 2 (SA2),VAR_4_92,VAR_4_92,Household,Households in occupied private dwellings,2013,Count,Number of usual residents in household,Total stated,"Subject pop: Households in occupied private dwellings, Year: 2013, Measure: Count, Var1: Number of usual residents in household (Total stated)"
2023 Census totals by topic for households by statistical area 2 (SA2),VAR_4_93,VAR_4_93,Household,Households in occupied private dwellings,2013,Mean,Number of usual residents in household,Average,"Subject pop: Households in occupied private dwellings, Year: 2013, Measure: Mean, Var1: Number of usual residents in household (Average)"
2023 Census totals by topic for households by statistical area 2 (SA2),VAR_4_94,VAR_4_94,Household,Households in occupied private dwellings,2018,Count,Number of usual residents in household,One usual resident,"Subject pop: Households in occupied private dwellings, Year: 2018, Measure: Count, Var1: Number of usual residents in household (One usual resident)"
2023 Census totals by topic for households by statistical area 2 (SA2),VAR_4_95,VAR_4_95,Household,Households in occupied private dwellings,2018,Count,Number of usual residents in household,Two usual residents,"Subject pop: Households in occupied private dwellings, Year: 2018, Measure: Count, Var1: Number of usual residents in household (Two usual residents)"
2023 Census totals by topic for households by statistical area 2 (SA2),VAR_4_96,VAR_4_96,Household,Households in occupied private dwellings,2018,Count,Number of usual residents in household,Three usual residents,"Subject pop: Households in occupied private dwellings, Year: 2018, Measure: Count, Var1: Number of usual residents in household (Three usual residents)"
2023 Census totals by topic for households by statistical area 2 (SA2),VAR_4_97,VAR_4_97,Household,Households in occupied private dwellings,2018,Count,Number of usual residents in household,Four usual residents,"Subject pop: Households in occupied private dwellings, Year: 2018, Measure: Count, Var1: Number of usual residents in household (Four usual residents)"
2023 Census totals by topic for households by statistical area 2 (SA2),VAR_4_98,VAR_4_98,Household,Households in occupied private dwellings,2018,Count,Number of usual residents in household,Five usual residents,"Subject pop: Households in occupied private dwellings, Year: 2018, Measure: Count, Var1: Number of usual residents in household (Five usual residents)"
2023 Census totals by topic for households by statistical area 2 (SA2),VAR_4_99,VAR_4_99,Household,Households in occupied private dwellings,2018,Count,Number of usual residents in household,Six usual residents,"Subject pop: Households in occupied private dwellings, Year: 2018, Measure: Count, Var1: Number of usual residents in household (Six usual residents)"
2023 Census totals by topic for households by statistical area 2 (SA2),VAR_4_100,VAR_4_100,Household,Households in occupied private dwellings,2018,Count,Number of usual residents in household,Seven usual residents,"Subject pop: Households in occupied private dwellings, Year: 2018, Measure: Count, Var1: Number of usual residents in household (Seven usual residents)"
2023 Census totals by topic for households by statistical area 2 (SA2),VAR_4_101,VAR_4_101,Household,Households in occupied private dwellings,2018,Count,Number of usual residents in household,Eight or more usual residents,"Subject pop: Households in occupied private dwellings, Year: 2018, Measure: Count, Var1: Number of usual residents in household (Eight or more usual residents)"
2023 Census totals by topic for households by statistical area 2 (SA2),VAR_4_102,VAR_4_102,Household,Households in occupied private dwellings,2018,Count,Number of usual residents in household,Number of usual residents unidentifiable,"Subject pop: Households in occupied private dwellings, Year: 2018, Measure: Count, Var1: Number of usual residents in household (Number of usual residents unidentifiable)"
2023 Census totals by topic for households by statistical area 2 (SA2),VAR_4_103,VAR_4_103,Household,Households in occupied private dwellings,2018,Count,Number of usual residents in household,Total,"Subject pop: Households in occupied private dwellings, Year: 2018, Measure: Count, Var1: Number of usual residents in household (Total)"
2023 Census totals by topic for households by statistical area 2 (SA2),VAR_4_104,VAR_4_104,Household,Households in occupied private dwellings,2018,Count,Number of usual residents in household,Total stated,"Subject pop: Households in occupied private dwellings, Year: 2018, Measure: Count, Var1: Number of usual residents in household (Total stated)"
2023 Census totals by topic for households by statistical area 2 (SA2),VAR_4_105,VAR_4_105,Household,Households in occupied private dwellings,2018,Mean,Number of usual residents in household,Average,"Subject pop: Households in occupied private dwellings, Year: 2018, Measure: Mean, Var1: Number of usual residents in household (Average)"
2023 Census totals by topic for households by statistical area 2 (SA2),VAR_4_106,VAR_4_106,Household,Households in occupied private dwellings,2023,Count,Number of usual residents in household,One usual resident,"Subject pop: Households in occupied private dwellings, Year: 2023, Measure: Count, Var1: Number of usual residents in household (One usual resident)"
2023 Census totals by topic for households by statistical area 2 (SA2),VAR_4_107,VAR_4_107,Household,Households in occupied private dwellings,2023,Count,Number of usual residents in household,Two usual residents,"Subject pop: Households in occupied private dwellings, Year: 2023, Measure: Count, Var1: Number of usual residents in household (Two usual residents)"
2023 Census totals by topic for households by statistical area 2 (SA2),VAR_4_108,VAR_4_108,Household,Households in occupied private dwellings,2023,Count,Number of usual residents in household,Three usual residents,"Subject pop: Households in occupied private dwellings, Year: 2023, Measure: Count, Var1: Number of usual residents in household (Three usual residents)"
2023 Census totals by topic for households by statistical area 2 (SA2),VAR_4_109,VAR_4_109,Household,Households in occupied private dwellings,2023,Count,Number of usual residents in household,Four usual residents,"Subject pop: Households in occupied private dwellings, Year: 2023, Measure: Count, Var1: Number of usual residents in household (Four usual residents)"
2023 Census totals by topic for households by statistical area 2 (SA2),VAR_4_110,VAR_4_110,Household,Households in occupied private dwellings,2023,Count,Number of usual residents in household,Five usual residents,"Subject pop: Households in occupied private dwellings, Year: 2023, Measure: Count, Var1: Number of usual residents in household (Five usual residents)"
2023 Census totals by topic for households by statistical area 2 (SA2),VAR_4_111,VAR_4_111,Household,Households in occupied private dwellings,2023,Count,Number of usual residents in household,Six usual residents,"Subject pop: Households in occupied private dwellings, Year: 2023, Measure: Count, Var1: Number of usual residents in household (Six usual residents)"
2023 Census totals by topic for households by statistical area 2 (SA2),VAR_4_112,VAR_4_112,Household,Households in occupied private dwellings,2023,Count,Number of usual residents in household,Seven usual residents,"Subject pop: Households in occupied private dwellings, Year: 2023, Measure: Count, Var1: Number of usual residents in household (Seven usual residents)"
2023 Census totals by topic for households by statistical area 2 (SA2),VAR_4_113,VAR_4_113,Household,Households in occupied private dwellings,2023,Count,Number of usual residents in household,Eight or more usual residents,"Subject pop: Households in occupied private dwellings, Year: 2023, Measure: Count, Var1: Number of usual residents in household (Eight or more usual residents)"
2023 Census totals by topic for households by statistical area 2 (SA2),VAR_4_114,VAR_4_114,Household,Households in occupied private dwellings,2023,Count,Number of usual residents in household,Number of usual residents unidentifiable,"Subject pop: Households in occupied private dwellings, Year: 2023, Measure: Count, Var1: Number of usual residents in household (Number of usual residents unidentifiable)"
2023 Census totals by topic for households by statistical area 2 (SA2),VAR_4_115,VAR_4_115,Household,Households in occupied private dwellings,2023,Count,Number of usual residents in household,Total,"Subject pop: Households in occupied private dwellings, Year: 2023, Measure: Count, Var1: Number of usual residents in household (Total)"
2023 Census totals by topic for households by statistical area 2 (SA2),VAR_4_116,VAR_4_116,Household,Households in occupied private dwellings,2023,Count,Number of usual residents in household,Total stated,"Subject pop: Households in occupied private dwellings, Year: 2023, Measure: Count, Var1: Number of usual residents in household (Total stated)"
2023 Census totals by topic for households by statistical area 2 (SA2),VAR_4_117,VAR_4_117,Household,Households in occupied private dwellings,2023,Mean,Number of usual residents in household,Average,"Subject pop: Households in occupied private dwellings, Year: 2023, Measure: Mean, Var1: Number of usual residents in household (Average)"
2023 Census totals by topic for households by statistical area 2 (SA2),VAR_4_118,VAR_4_118,Dwelling,Households in occupied private dwellings,2013,Count,Number of motor vehicles,No motor vehicle,"Subject pop: Households in occupied private dwellings, Year: 2013, Measure: Count, Var1: Number of motor vehicles (No motor vehicle)"
2023 Census totals by topic for households by statistical area 2 (SA2),VAR_4_119,VAR_4_119,Dwelling,Households in occupied private dwellings,2013,Count,Number of motor vehicles,One motor vehicle,"Subject pop: Households in occupied private dwellings, Year: 2013, Measure: Count, Var1: Number of motor vehicles (One motor vehicle)"
2023 Census totals by topic for households by statistical area 2 (SA2),VAR_4_120,VAR_4_120,Dwelling,Households in occupied private dwellings,2013,Count,Number of motor vehicles,Two motor vehicles,"Subject pop: Households in occupied private dwellings, Year: 2013, Measure: Count, Var1: Number of motor vehicles (Two motor vehicles)"
2023 Census totals by topic for households by statistical area 2 (SA2),VAR_4_121,VAR_4_121,Dwelling,Households in occupied private dwellings,2013,Count,Number of motor vehicles,Three motor vehicles,"Subject pop: Households in occupied private dwellings, Year: 2013, Measure: Count, Var1: Number of motor vehicles (Three motor vehicles)"
2023 Census totals by topic for households by statistical area 2 (SA2),VAR_4_122,VAR_4_122,Dwelling,Households in occupied private dwellings,2013,Count,Number of motor vehicles,Four motor vehicles,"Subject pop: Households in occupied private dwellings, Year: 2013, Measure: Count, Var1: Number of motor vehicles (Four motor vehicles)"
2023 Census totals by topic for households by statistical area 2 (SA2),VAR_4_123,VAR_4_123,Dwelling,Households in occupied private dwellings,2013,Count,Number of motor vehicles,Five or more motor vehicles,"Subject pop: Households in occupied private dwellings, Year: 2013, Measure: Count, Var1: Number of motor vehicles (Five or more motor vehicles)"
2023 Census totals by topic for households by statistical area 2 (SA2),VAR_4_124,VAR_4_124,Dwelling,Households in occupied private dwellings,2013,Count,Number of motor vehicles,Not Elsewhere Included,"Subject pop: Households in occupied private dwellings, Year: 2013, Measure: Count, Var1: Number of motor vehicles (Not Elsewhere Included)"
2023 Census totals by topic for households by statistical area 2 (SA2),VAR_4_125,VAR_4_125,Dwelling,Households in occupied private dwellings,2013,Count,Number of motor vehicles,Total,"Subject pop: Households in occupied private dwellings, Year: 2013, Measure: Count, Var1: Number of motor vehicles (Total)"
2023 Census totals by topic for households by statistical area 2 (SA2),VAR_4_126,VAR_4_126,Dwelling,Households in occupied private dwellings,2013,Count,Number of motor vehicles,Total stated,"Subject pop: Households in occupied private dwellings, Year: 2013, Measure: Count, Var1: Number of motor vehicles (Total stated)"
2023 Census totals by topic for households by statistical area 2 (SA2),VAR_4_127,VAR_4_127,Dwelling,Households in occupied private dwellings,2018,Count,Number of motor vehicles,No motor vehicle,"Subject pop: Households in occupied private dwellings, Year: 2018, Measure: Count, Var1: Number of motor vehicles (No motor vehicle)"
2023 Census totals by topic for households by statistical area 2 (SA2),VAR_4_128,VAR_4_128,Dwelling,Households in occupied private dwellings,2018,Count,Number of motor vehicles,One motor vehicle,"Subject pop: Households in occupied private dwellings, Year: 2018, Measure: Count, Var1: Number of motor vehicles (One motor vehicle)"
2023 Census totals by topic for households by statistical area 2 (SA2),VAR_4_129,VAR_4_129,Dwelling,Households in occupied private dwellings,2018,Count,Number of motor vehicles,Two motor vehicles,"Subject pop: Households in occupied private dwellings, Year: 2018, Measure: Count, Var1: Number of motor vehicles (Two motor vehicles)"
2023 Census totals by topic for households by statistical area 2 (SA2),VAR_4_130,VAR_4_130,Dwelling,Households in occupied private dwellings,2018,Count,Number of motor vehicles,Three motor vehicles,"Subject pop: Households in occupied private dwellings, Year: 2018, Measure: Count, Var1: Number of motor vehicles (Three motor vehicles)"
2023 Census totals by topic for households by statistical area 2 (SA2),VAR_4_131,VAR_4_131,Dwelling,Households in occupied private dwellings,2018,Count,Number of motor vehicles,Four motor vehicles,"Subject pop: Households in occupied private dwellings, Year: 2018, Measure: Count, Var1: Number of motor vehicles (Four motor vehicles)"
2023 Census totals by topic for households by statistical area 2 (SA2),VAR_4_132,VAR_4_132,Dwelling,Households in occupied private dwellings,2018,Count,Number of motor vehicles,Five or more motor vehicles,"Subject pop: Households in occupied private dwellings, Year: 2018, Measure: Count, Var1: Number of motor vehicles (Five or more motor vehicles)"
2023 Census totals by topic for households by statistical area 2 (SA2),VAR_4_133,VAR_4_133,Dwelling,Households in occupied private dwellings,2018,Count,Number of motor vehicles,Not Elsewhere Included,"Subject pop: Households in occupied private dwellings, Year: 2018, Measure: Count, Var1: Number of motor vehicles (Not Elsewhere Included)"
2023 Census totals by topic for households by statistical area 2 (SA2),VAR_4_134,VAR_4_134,Dwelling,Households in occupied private dwellings,2018,Count,Number of motor vehicles,Total,"Subject pop: Households in occupied private dwellings, Year: 2018, Measure: Count, Var1: Number of motor vehicles (Total)"
2023 Census totals by topic for households by statistical area 2 (SA2),VAR_4_135,VAR_4_135,Dwelling,Households in occupied private dwellings,2018,Count,Number of motor vehicles,Total stated,"Subject pop: Households in occupied private dwellings, Year: 2018, Measure: Count, Var1: Number of motor vehicles (Total stated)"
2023 Census totals by topic for households by statistical area 2 (SA2),VAR_4_136,VAR_4_136,Dwelling,Households in occupied private dwellings,2023,Count,Number of motor vehicles,No motor vehicle,"Subject pop: Households in occupied private dwellings, Year: 2023, Measure: Count, Var1: Number of motor vehicles (No motor vehicle)"
2023 Census totals by topic for households by statistical area 2 (SA2),VAR_4_137,VAR_4_137,Dwelling,Households in occupied private dwellings,2023,Count,Number of motor vehicles,One motor vehicle,"Subject pop: Households in occupied private dwellings, Year: 2023, Measure: Count, Var1: Number of motor vehicles (One motor vehicle)"
2023 Census totals by topic for households by statistical area 2 (SA2),VAR_4_138,VAR_4_138,Dwelling,Households in occupied private dwellings,2023,Count,Number of motor vehicles,Two motor vehicles,"Subject pop: Households in occupied private dwellings, Year: 2023, Measure: Count, Var1: Number of motor vehicles (Two motor vehicles)"
2023 Census totals by topic for households by statistical area 2 (SA2),VAR_4_139,VAR_4_139,Dwelling,Households in occupied private dwellings,2023,Count,Number of motor vehicles,Three motor vehicles,"Subject pop: Households in occupied private dwellings, Year: 2023, Measure: Count, Var1: Number of motor vehicles (Three motor vehicles)"
2023 Census totals by topic for households by statistical area 2 (SA2),VAR_4_140,VAR_4_140,Dwelling,Households in occupied private dwellings,2023,Count,Number of motor vehicles,Four motor vehicles,"Subject pop: Households in occupied private dwellings, Year: 2023, Measure: Count, Var1: Number of motor vehicles (Four motor vehicles)"
2023 Census totals by topic for households by statistical area 2 (SA2),VAR_4_141,VAR_4_141,Dwelling,Households in occupied private dwellings,2023,Count,Number of motor vehicles,Five or more motor vehicles,"Subject pop: Households in occupied private dwellings, Year: 2023, Measure: Count, Var1: Number of motor vehicles (Five or more motor vehicles)"
2023 Census totals by topic for households by statistical area 2 (SA2),VAR_4_142,VAR_4_142,Dwelling,Households in occupied private dwellings,2023,Count,Number of motor vehicles,Not Elsewhere Included,"Subject pop: Households in occupied private dwellings, Year: 2023, Measure: Count, Var1: Number of motor vehicles (Not Elsewhere Included)"
2023 Census totals by topic for households by statistical area 2 (SA2),VAR_4_143,VAR_4_143,Dwelling,Households in occupied private dwellings,2023,Count,Number of motor vehicles,Total,"Subject pop: Households in occupied private dwellings, Year: 2023, Measure: Count, Var1: Number of motor vehicles (Total)"
2023 Census totals by topic for households by statistical area 2 (SA2),VAR_4_144,VAR_4_144,Dwelling,Households in occupied private dwellings,2023,Count,Number of motor vehicles,Total stated,"Subject pop: Households in occupied private dwellings, Year: 2023, Measure: Count, Var1: Number of motor vehicles (Total stated)"
2023 Census totals by topic for households by statistical area 2 (SA2),VAR_4_145,VAR_4_145,Dwelling,Households in rented occupied private dwellings,2013,Count,Sector of landlord,"Private person, trust, or business","Subject pop: Households in rented occupied private dwellings, Year: 2013, Measure: Count, Var1: Sector of landlord (Private person, trust, or business)"
2023 Census totals by topic for households by statistical area 2 (SA2),VAR_4_146,VAR_4_146,Dwelling,Households in rented occupied private dwellings,2013,Count,Sector of landlord,Local authority or city council,"Subject pop: Households in rented occupied private dwellings, Year: 2013, Measure: Count, Var1: Sector of landlord (Local authority or city council)"
2023 Census totals by topic for households by statistical area 2 (SA2),VAR_4_147,VAR_4_147,Dwelling,Households in rented occupied private dwellings,2013,Count,Sector of landlord,Kāinga Ora/Housing NZ,"Subject pop: Households in rented occupied private dwellings, Year: 2013, Measure: Count, Var1: Sector of landlord (Kāinga Ora/Housing NZ)"
2023 Census totals by topic for households by statistical area 2 (SA2),VAR_4_148,VAR_4_148,Dwelling,Households in rented occupied private dwellings,2013,Count,Sector of landlord,"Iwi, hapū, or Māori land trust","Subject pop: Households in rented occupied private dwellings, Year: 2013, Measure: Count, Var1: Sector of landlord (Iwi, hapū, or Māori land trust)"
2023 Census totals by topic for households by statistical area 2 (SA2),VAR_4_149,VAR_4_149,Dwelling,Households in rented occupied private dwellings,2013,Count,Sector of landlord,Other community housing provider,"Subject pop: Households in rented occupied private dwellings, Year: 2013, Measure: Count, Var1: Sector of landlord (Other community housing provider)"
2023 Census totals by topic for households by statistical area 2 (SA2),VAR_4_150,VAR_4_150,Dwelling,Households in rented occupied private dwellings,2013,Count,Sector of landlord,"Other state-owned corporation or state-owned enterprise, or government department or ministry","Subject pop: Households in rented occupied private dwellings, Year: 2013, Measure: Count, Var1: Sector of landlord (Other state-owned corporation or state-owned enterprise, or government department or ministry)"
2023 Census totals by topic for households by statistical area 2 (SA2),VAR_4_151,VAR_4_151,Dwelling,Households in rented occupied private dwellings,2013,Count,Sector of landlord,Not elsewhere included,"Subject pop: Households in rented occupied private dwellings, Year: 2013, Measure: Count, Var1: Sector of landlord (Not elsewhere included)"
2023 Census totals by topic for households by statistical area 2 (SA2),VAR_4_152,VAR_4_152,Dwelling,Households in rented occupied private dwellings,2013,Count,Sector of landlord,Total,"Subject pop: Households in rented occupied private dwellings, Year: 2013, Measure: Count, Var1: Sector of landlord (Total)"
2023 Census totals by topic for households by statistical area 2 (SA2),VAR_4_153,VAR_4_153,Dwelling,Households in rented occupied private dwellings,2013,Count,Sector of landlord,Total stated,"Subject pop: Households in rented occupied private dwellings, Year: 2013, Measure: Count, Var1: Sector of landlord (Total stated)"
2023 Census totals by topic for households by statistical area 2 (SA2),VAR_4_154,VAR_4_154,Dwelling,Households in rented occupied private dwellings,2018,Count,Sector of landlord,"Private person, trust, or business","Subject pop: Households in rented occupied private dwellings, Year: 2018, Measure: Count, Var1: Sector of landlord (Private person, trust, or business)"
2023 Census totals by topic for households by statistical area 2 (SA2),VAR_4_155,VAR_4_155,Dwelling,Households in rented occupied private dwellings,2018,Count,Sector of landlord,Local authority or city council,"Subject pop: Households in rented occupied private dwellings, Year: 2018, Measure: Count, Var1: Sector of landlord (Local authority or city council)"
2023 Census totals by topic for households by statistical area 2 (SA2),VAR_4_156,VAR_4_156,Dwelling,Households in rented occupied private dwellings,2018,Count,Sector of landlord,Kāinga Ora/Housing NZ,"Subject pop: Households in rented occupied private dwellings, Year: 2018, Measure: Count, Var1: Sector of landlord (Kāinga Ora/Housing NZ)"
2023 Census totals by topic for households by statistical area 2 (SA2),VAR_4_157,VAR_4_157,Dwelling,Households in rented occupied private dwellings,2018,Count,Sector of landlord,"Iwi, hapū, or Māori land trust","Subject pop: Households in rented occupied private dwellings, Year: 2018, Measure: Count, Var1: Sector of landlord (Iwi, hapū, or Māori land trust)"
2023 Census totals by topic for households by statistical area 2 (SA2),VAR_4_158,VAR_4_158,Dwelling,Households in rented occupied private dwellings,2018,Count,Sector of landlord,Other community housing provider,"Subject pop: Households in rented occupied private dwellings, Year: 2018, Measure: Count, Var1: Sector of landlord (Other community housing provider)"
2023 Census totals by topic for households by statistical area 2 (SA2),VAR_4_159,VAR_4_159,Dwelling,Households in rented occupied private dwellings,2018,Count,Sector of landlord,"Other state-owned corporation or state-owned enterprise, or government department or ministry","Subject pop: Households in rented occupied private dwellings, Year: 2018, Measure: Count, Var1: Sector of landlord (Other state-owned corporation or state-owned enterprise, or government department or ministry)"
2023 Census totals by topic for households by statistical area 2 (SA2),VAR_4_160,VAR_4_160,Dwelling,Households in rented occupied private dwellings,2018,Count,Sector of landlord,Not elsewhere included,"Subject pop: Households in rented occupied private dwellings, Year: 2018, Measure: Count, Var1: Sector of landlord (Not elsewhere included)"
2023 Census totals by topic for households by statistical area 2 (SA2),VAR_4_161,VAR_4_161,Dwelling,Households in rented occupied private dwellings,2018,Count,Sector of landlord,Total,"Subject pop: Households in rented occupied private dwellings, Year: 2018, Measure: Count, Var1: Sector of landlord (Total)"
2023 Census totals by topic for households by statistical area 2 (SA2),VAR_4_162,VAR_4_162,Dwelling,Households in rented occupied private dwellings,2018,Count,Sector of landlord,Total stated,"Subject pop: Households in rented occupied private dwellings, Year: 2018, Measure: Count, Var1: Sector of landlord (Total stated)"
2023 Census totals by topic for households by statistical area 2 (SA2),VAR_4_163,VAR_4_163,Dwelling,Households in rented occupied private dwellings,2023,Count,Sector of landlord,"Private person, trust, or business","Subject pop: Households in rented occupied private dwellings, Year: 2023, Measure: Count, Var1: Sector of landlord (Private person, trust, or business)"
2023 Census totals by topic for households by statistical area 2 (SA2),VAR_4_164,VAR_4_164,Dwelling,Households in rented occupied private dwellings,2023,Count,Sector of landlord,Local authority or city council,"Subject pop: Households in rented occupied private dwellings, Year: 2023, Measure: Count, Var1: Sector of landlord (Local authority or city council)"
2023 Census totals by topic for households by statistical area 2 (SA2),VAR_4_165,VAR_4_165,Dwelling,Households in rented occupied private dwellings,2023,Count,Sector of landlord,Kāinga Ora/Housing NZ,"Subject pop: Households in rented occupied private dwellings, Year: 2023, Measure: Count, Var1: Sector of landlord (Kāinga Ora/Housing NZ)"
2023 Census totals by topic for households by statistical area 2 (SA2),VAR_4_166,VAR_4_166,Dwelling,Households in rented occupied private dwellings,2023,Count,Sector of landlord,"Iwi, hapū, or Māori land trust","Subject pop: Households in rented occupied private dwellings, Year: 2023, Measure: Count, Var1: Sector of landlord (Iwi, hapū, or Māori land trust)"
2023 Census totals by topic for households by statistical area 2 (SA2),VAR_4_167,VAR_4_167,Dwelling,Households in rented occupied private dwellings,2023,Count,Sector of landlord,Other community housing provider,"Subject pop: Households in rented occupied private dwellings, Year: 2023, Measure: Count, Var1: Sector of landlord (Other community housing provider)"
2023 Census totals by topic for households by statistical area 2 (SA2),VAR_4_168,VAR_4_168,Dwelling,Households in rented occupied private dwellings,2023,Count,Sector of landlord,"Other state-owned corporation or state-owned enterprise, or government department or ministry","Subject pop: Households in rented occupied private dwellings, Year: 2023, Measure: Count, Var1: Sector of landlord (Other state-owned corporation or state-owned enterprise, or government department or ministry)"
2023 Census totals by topic for households by statistical area 2 (SA2),VAR_4_169,VAR_4_169,Dwelling,Households in rented occupied private dwellings,2023,Count,Sector of landlord,Not elsewhere included,"Subject pop: Households in rented occupied private dwellings, Year: 2023, Measure: Count, Var1: Sector of landlord (Not elsewhere included)"
2023 Census totals by topic for households by statistical area 2 (SA2),VAR_4_170,VAR_4_170,Dwelling,Households in rented occupied private dwellings,2023,Count,Sector of landlord,Total,"Subject pop: Households in rented occupied private dwellings, Year: 2023, Measure: Count, Var1: Sector of landlord (Total)"
2023 Census totals by topic for households by statistical area 2 (SA2),VAR_4_171,VAR_4_171,Dwelling,Households in rented occupied private dwellings,2023,Count,Sector of landlord,Total stated,"Subject pop: Households in rented occupied private dwellings, Year: 2023, Measure: Count, Var1: Sector of landlord (Total stated)"
2023 Census totals by topic for households by statistical area 2 (SA2),VAR_4_172,VAR_4_172,Dwelling,Households in occupied private dwellings,2013,Count,Tenure of household,Dwelling owned or partly owned,"Subject pop: Households in occupied private dwellings, Year: 2013, Measure: Count, Var1: Tenure of household (Dwelling owned or partly owned)"
2023 Census totals by topic for households by statistical area 2 (SA2),VAR_4_173,VAR_4_173,Dwelling,Households in occupied private dwellings,2013,Count,Tenure of household,Dwelling not owned and not held in a family trust,"Subject pop: Households in occupied private dwellings, Year: 2013, Measure: Count, Var1: Tenure of household (Dwelling not owned and not held in a family trust)"
2023 Census totals by topic for households by statistical area 2 (SA2),VAR_4_174,VAR_4_174,Dwelling,Households in occupied private dwellings,2013,Count,Tenure of household,Dwelling held in a family trust,"Subject pop: Households in occupied private dwellings, Year: 2013, Measure: Count, Var1: Tenure of household (Dwelling held in a family trust)"
2023 Census totals by topic for households by statistical area 2 (SA2),VAR_4_175,VAR_4_175,Dwelling,Households in occupied private dwellings,2013,Count,Tenure of household,Not elsewhere included,"Subject pop: Households in occupied private dwellings, Year: 2013, Measure: Count, Var1: Tenure of household (Not elsewhere included)"
2023 Census totals by topic for households by statistical area 2 (SA2),VAR_4_176,VAR_4_176,Dwelling,Households in occupied private dwellings,2013,Count,Tenure of household,Total,"Subject pop: Households in occupied private dwellings, Year: 2013, Measure: Count, Var1: Tenure of household (Total)"
2023 Census totals by topic for households by statistical area 2 (SA2),VAR_4_177,VAR_4_177,Dwelling,Households in occupied private dwellings,2013,Count,Tenure of household,Total stated,"Subject pop: Households in occupied private dwellings, Year: 2013, Measure: Count, Var1: Tenure of household (Total stated)"
2023 Census totals by topic for households by statistical area 2 (SA2),VAR_4_178,VAR_4_178,Dwelling,Households in occupied private dwellings,2018,Count,Tenure of household,Dwelling owned or partly owned,"Subject pop: Households in occupied private dwellings, Year: 2018, Measure: Count, Var1: Tenure of household (Dwelling owned or partly owned)"
2023 Census totals by topic for households by statistical area 2 (SA2),VAR_4_179,VAR_4_179,Dwelling,Households in occupied private dwellings,2018,Count,Tenure of household,Dwelling not owned and not held in a family trust,"Subject pop: Households in occupied private dwellings, Year: 2018, Measure: Count, Var1: Tenure of household (Dwelling not owned and not held in a family trust)"
2023 Census totals by topic for households by statistical area 2 (SA2),VAR_4_180,VAR_4_180,Dwelling,Households in occupied private dwellings,2018,Count,Tenure of household,Dwelling held in a family trust,"Subject pop: Households in occupied private dwellings, Year: 2018, Measure: Count, Var1: Tenure of household (Dwelling held in a family trust)"
2023 Census totals by topic for households by statistical area 2 (SA2),VAR_4_181,VAR_4_181,Dwelling,Households in occupied private dwellings,2018,Count,Tenure of household,Not elsewhere included,"Subject pop: Households in occupied private dwellings, Year: 2018, Measure: Count, Var1: Tenure of household (Not elsewhere included)"
2023 Census totals by topic for households by statistical area 2 (SA2),VAR_4_182,VAR_4_182,Dwelling,Households in occupied private dwellings,2018,Count,Tenure of household,Total,"Subject pop: Households in occupied private dwellings, Year: 2018, Measure: Count, Var1: Tenure of household (Total)"
2023 Census totals by topic for households by statistical area 2 (SA2),VAR_4_183,VAR_4_183,Dwelling,Households in occupied private dwellings,2018,Count,Tenure of household,Total stated,"Subject pop: Households in occupied private dwellings, Year: 2018, Measure: Count, Var1: Tenure of household (Total stated)"
2023 Census totals by topic for households by statistical area 2 (SA2),VAR_4_184,VAR_4_184,Dwelling,Households in occupied private dwellings,2023,Count,Tenure of household,Dwelling owned or partly owned,"Subject pop: Households in occupied private dwellings, Year: 2023, Measure: Count, Var1: Tenure of household (Dwelling owned or partly owned)"
2023 Census totals by topic for households by statistical area 2 (SA2),VAR_4_185,VAR_4_185,Dwelling,Households in occupied private dwellings,2023,Count,Tenure of household,Dwelling not owned and not held in a family trust,"Subject pop: Households in occupied private dwellings, Year: 2023, Measure: Count, Var1: Tenure of household (Dwelling not owned and not held in a family trust)"
2023 Census totals by topic for households by statistical area 2 (SA2),VAR_4_186,VAR_4_186,Dwelling,Households in occupied private dwellings,2023,Count,Tenure of household,Dwelling held in a family trust,"Subject pop: Households in occupied private dwellings, Year: 2023, Measure: Count, Var1: Tenure of household (Dwelling held in a family trust)"
2023 Census totals by topic for households by statistical area 2 (SA2),VAR_4_187,VAR_4_187,Dwelling,Households in occupied private dwellings,2023,Count,Tenure of household,Not elsewhere included,"Subject pop: Households in occupied private dwellings, Year: 2023, Measure: Count, Var1: Tenure of household (Not elsewhere included)"
2023 Census totals by topic for households by statistical area 2 (SA2),VAR_4_188,VAR_4_188,Dwelling,Households in occupied private dwellings,2023,Count,Tenure of household,Total,"Subject pop: Households in occupied private dwellings, Year: 2023, Measure: Count, Var1: Tenure of household (Total)"
2023 Census totals by topic for households by statistical area 2 (SA2),VAR_4_189,VAR_4_189,Dwelling,Households in occupied private dwellings,2023,Count,Tenure of household,Total stated,"Subject pop: Households in occupied private dwellings, Year: 2023, Measure: Count, Var1: Tenure of household (Total stated)"
2023 Census totals by topic for households by statistical area 2 (SA2),VAR_4_190,VAR_4_190,Household,Households in occupied private dwellings,2013,Count,Total household income,"$20,000 or less","Subject pop: Households in occupied private dwellings, Year: 2013, Measure: Count, Var1: Total household income ($20,000 or less)"
2023 Census totals by topic for households by statistical area 2 (SA2),VAR_4_191,VAR_4_191,Household,Households in occupied private dwellings,2013,Count,Total household income,"$20,001-$30,000","Subject pop: Households in occupied private dwellings, Year: 2013, Measure: Count, Var1: Total household income ($20,001-$30,000)"
2023 Census totals by topic for households by statistical area 2 (SA2),VAR_4_192,VAR_4_192,Household,Households in occupied private dwellings,2013,Count,Total household income,"$30,001-$50,000","Subject pop: Households in occupied private dwellings, Year: 2013, Measure: Count, Var1: Total household income ($30,001-$50,000)"
2023 Census totals by topic for households by statistical area 2 (SA2),VAR_4_193,VAR_4_193,Household,Households in occupied private dwellings,2013,Count,Total household income,"$50,001-$70,000","Subject pop: Households in occupied private dwellings, Year: 2013, Measure: Count, Var1: Total household income ($50,001-$70,000)"
2023 Census totals by topic for households by statistical area 2 (SA2),VAR_4_194,VAR_4_194,Household,Households in occupied private dwellings,2013,Count,Total household income,"$70,001-$100,000","Subject pop: Households in occupied private dwellings, Year: 2013, Measure: Count, Var1: Total household income ($70,001-$100,000)"
2023 Census totals by topic for households by statistical area 2 (SA2),VAR_4_195,VAR_4_195,Household,Households in occupied private dwellings,2013,Count,Total household income,"$100,001-$150,000","Subject pop: Households in occupied private dwellings, Year: 2013, Measure: Count, Var1: Total household income ($100,001-$150,000)"
2023 Census totals by topic for households by statistical area 2 (SA2),VAR_4_196,VAR_4_196,Household,Households in occupied private dwellings,2013,Count,Total household income,"$150,001-$200,000","Subject pop: Households in occupied private dwellings, Year: 2013, Measure: Count, Var1: Total household income ($150,001-$200,000)"
2023 Census totals by topic for households by statistical area 2 (SA2),VAR_4_197,VAR_4_197,Household,Households in occupied private dwellings,2013,Count,Total household income,"$200,001 or more","Subject pop: Households in occupied private dwellings, Year: 2013, Measure: Count, Var1: Total household income ($200,001 or more)"
2023 Census totals by topic for households by statistical area 2 (SA2),VAR_4_198,VAR_4_198,Household,Households in occupied private dwellings,2013,Count,Total household income,Not stated,"Subject pop: Households in occupied private dwellings, Year: 2013, Measure: Count, Var1: Total household income (Not stated)"
2023 Census totals by topic for households by statistical area 2 (SA2),VAR_4_199,VAR_4_199,Household,Households in occupied private dwellings,2013,Count,Total household income,Total,"Subject pop: Households in occupied private dwellings, Year: 2013, Measure: Count, Var1: Total household income (Total)"
2023 Census totals by topic for households by statistical area 2 (SA2),VAR_4_200,VAR_4_200,Household,Households in occupied private dwellings,2013,Count,Total household income,Total stated,"Subject pop: Households in occupied private dwellings, Year: 2013, Measure: Count, Var1: Total household income (Total stated)"
2023 Census totals by topic for households by statistical area 2 (SA2),VAR_4_201,VAR_4_201,Household,Households in occupied private dwellings,2013,Median,Total household income,Median ($),"Subject pop: Households in occupied private dwellings, Year: 2013, Measure: Median, Var1: Total household income (Median ($))"
2023 Census totals by topic for households by statistical area 2 (SA2),VAR_4_202,VAR_4_202,Household,Households in occupied private dwellings,2018,Count,Total household income,"$20,000 or less","Subject pop: Households in occupied private dwellings, Year: 2018, Measure: Count, Var1: Total household income ($20,000 or less)"
2023 Census totals by topic for households by statistical area 2 (SA2),VAR_4_203,VAR_4_203,Household,Households in occupied private dwellings,2018,Count,Total household income,"$20,001-$30,000","Subject pop: Households in occupied private dwellings, Year: 2018, Measure: Count, Var1: Total household income ($20,001-$30,000)"
2023 Census totals by topic for households by statistical area 2 (SA2),VAR_4_204,VAR_4_204,Household,Households in occupied private dwellings,2018,Count,Total household income,"$30,001-$50,000","Subject pop: Households in occupied private dwellings, Year: 2018, Measure: Count, Var1: Total household income ($30,001-$50,000)"
2023 Census totals by topic for households by statistical area 2 (SA2),VAR_4_205,VAR_4_205,Household,Households in occupied private dwellings,2018,Count,Total household income,"$50,001-$70,000","Subject pop: Households in occupied private dwellings, Year: 2018, Measure: Count, Var1: Total household income ($50,001-$70,000)"
2023 Census totals by topic for households by statistical area 2 (SA2),VAR_4_206,VAR_4_206,Household,Households in occupied private dwellings,2018,Count,Total household income,"$70,001-$100,000","Subject pop: Households in occupied private dwellings, Year: 2018, Measure: Count, Var1: Total household income ($70,001-$100,000)"
2023 Census totals by topic for households by statistical area 2 (SA2),VAR_4_207,VAR_4_207,Household,Households in occupied private dwellings,2018,Count,Total household income,"$100,001-$150,000","Subject pop: Households in occupied private dwellings, Year: 2018, Measure: Count, Var1: Total household income ($100,001-$150,000)"
2023 Census totals by topic for households by statistical area 2 (SA2),VAR_4_208,VAR_4_208,Household,Households in occupied private dwellings,2018,Count,Total household income,"$150,001-$200,000","Subject pop: Households in occupied private dwellings, Year: 2018, Measure: Count, Var1: Total household income ($150,001-$200,000)"
2023 Census totals by topic for households by statistical area 2 (SA2),VAR_4_209,VAR_4_209,Household,Households in occupied private dwellings,2018,Count,Total household income,"$200,001 or more","Subject pop: Households in occupied private dwellings, Year: 2018, Measure: Count, Var1: Total household income ($200,001 or more)"
2023 Census totals by topic for households by statistical area 2 (SA2),VAR_4_210,VAR_4_210,Household,Households in occupied private dwellings,2018,Count,Total household income,Not stated,"Subject pop: Households in occupied private dwellings, Year: 2018, Measure: Count, Var1: Total household income (Not stated)"
2023 Census totals by topic for households by statistical area 2 (SA2),VAR_4_211,VAR_4_211,Household,Households in occupied private dwellings,2018,Count,Total household income,Total,"Subject pop: Households in occupied private dwellings, Year: 2018, Measure: Count, Var1: Total household income (Total)"
2023 Census totals by topic for households by statistical area 2 (SA2),VAR_4_212,VAR_4_212,Household,Households in occupied private dwellings,2018,Count,Total household income,Total stated,"Subject pop: Households in occupied private dwellings, Year: 2018, Measure: Count, Var1: Total household income (Total stated)"
2023 Census totals by topic for households by statistical area 2 (SA2),VAR_4_213,VAR_4_213,Household,Households in occupied private dwellings,2018,Median,Total household income,Median ($),"Subject pop: Households in occupied private dwellings, Year: 2018, Measure: Median, Var1: Total household income (Median ($))"
2023 Census totals by topic for households by statistical area 2 (SA2),VAR_4_214,VAR_4_214,Household,Households in occupied private dwellings,2023,Count,Total household income,"$20,000 or less","Subject pop: Households in occupied private dwellings, Year: 2023, Measure: Count, Var1: Total household income ($20,000 or less)"
2023 Census totals by topic for households by statistical area 2 (SA2),VAR_4_215,VAR_4_215,Household,Households in occupied private dwellings,2023,Count,Total household income,"$20,001-$30,000","Subject pop: Households in occupied private dwellings, Year: 2023, Measure: Count, Var1: Total household income ($20,001-$30,000)"
2023 Census totals by topic for households by statistical area 2 (SA2),VAR_4_216,VAR_4_216,Household,Households in occupied private dwellings,2023,Count,Total household income,"$30,001-$50,000","Subject pop: Households in occupied private dwellings, Year: 2023, Measure: Count, Var1: Total household income ($30,001-$50,000)"
2023 Census totals by topic for households by statistical area 2 (SA2),VAR_4_217,VAR_4_217,Household,Households in occupied private dwellings,2023,Count,Total household income,"$50,001-$70,000","Subject pop: Households in occupied private dwellings, Year: 2023, Measure: Count, Var1: Total household income ($50,001-$70,000)"
2023 Census totals by topic for households by statistical area 2 (SA2),VAR_4_218,VAR_4_218,Household,Households in occupied private dwellings,2023,Count,Total household income,"$70,001-$100,000","Subject pop: Households in occupied private dwellings, Year: 2023, Measure: Count, Var1: Total household income ($70,001-$100,000)"
2023 Census totals by topic for households by statistical area 2 (SA2),VAR_4_219,VAR_4_219,Household,Households in occupied private dwellings,2023,Count,Total household income,"$100,001-$150,000","Subject pop: Households in occupied private dwellings, Year: 2023, Measure: Count, Var1: Total household income ($100,001-$150,000)"
2023 Census totals by topic for households by statistical area 2 (SA2),VAR_4_220,VAR_4_220,Household,Households in occupied private dwellings,2023,Count,Total household income,"$150,001-$200,000","Subject pop: Households in occupied private dwellings, Year: 2023, Measure: Count, Var1: Total household income ($150,001-$200,000)"
2023 Census totals by topic for households by statistical area 2 (SA2),VAR_4_221,VAR_4_221,Household,Households in occupied private dwellings,2023,Count,Total household income,"$200,001 or more","Subject pop: Households in occupied private dwellings, Year: 2023, Measure: Count, Var1: Total household income ($200,001 or more)"
2023 Census totals by topic for households by statistical area 2 (SA2),VAR_4_222,VAR_4_222,Household,Households in occupied private dwellings,2023,Count,Total household income,Not stated,"Subject pop: Households in occupied private dwellings, Year: 2023, Measure: Count, Var1: Total household income (Not stated)"
2023 Census totals by topic for households by statistical area 2 (SA2),VAR_4_223,VAR_4_223,Household,Households in occupied private dwellings,2023,Count,Total household income,Total,"Subject pop: Households in occupied private dwellings, Year: 2023, Measure: Count, Var1: Total household income (Total)"
2023 Census totals by topic for households by statistical area 2 (SA2),VAR_4_224,VAR_4_224,Household,Households in occupied private dwellings,2023,Count,Total household income,Total stated,"Subject pop: Households in occupied private dwellings, Year: 2023, Measure: Count, Var1: Total household income (Total stated)"
2023 Census totals by topic for households by statistical area 2 (SA2),VAR_4_225,VAR_4_225,Household,Households in occupied private dwellings,2023,Median,Total household income,Median ($),"Subject pop: Households in occupied private dwellings, Year: 2023, Measure: Median, Var1: Total household income (Median ($))"
2023 Census totals by topic for households by statistical area 2 (SA2),VAR_4_226,VAR_4_226,Dwelling,Households in rented occupied private dwellings,2013,Count,Weekly rent paid by household,Under $200,"Subject pop: Households in rented occupied private dwellings, Year: 2013, Measure: Count, Var1: Weekly rent paid by household (Under $200)"
2023 Census totals by topic for households by statistical area 2 (SA2),VAR_4_227,VAR_4_227,Dwelling,Households in rented occupied private dwellings,2013,Count,Weekly rent paid by household,$200 - $299,"Subject pop: Households in rented occupied private dwellings, Year: 2013, Measure: Count, Var1: Weekly rent paid by household ($200 - $299)"
2023 Census totals by topic for households by statistical area 2 (SA2),VAR_4_228,VAR_4_228,Dwelling,Households in rented occupied private dwellings,2013,Count,Weekly rent paid by household,$300 - $399,"Subject pop: Households in rented occupied private dwellings, Year: 2013, Measure: Count, Var1: Weekly rent paid by household ($300 - $399)"
2023 Census totals by topic for households by statistical area 2 (SA2),VAR_4_229,VAR_4_229,Dwelling,Households in rented occupied private dwellings,2013,Count,Weekly rent paid by household,$400 - $499,"Subject pop: Households in rented occupied private dwellings, Year: 2013, Measure: Count, Var1: Weekly rent paid by household ($400 - $499)"
2023 Census totals by topic for households by statistical area 2 (SA2),VAR_4_230,VAR_4_230,Dwelling,Households in rented occupied private dwellings,2013,Count,Weekly rent paid by household,$500 - $599,"Subject pop: Households in rented occupied private dwellings, Year: 2013, Measure: Count, Var1: Weekly rent paid by household ($500 - $599)"
2023 Census totals by topic for households by statistical area 2 (SA2),VAR_4_231,VAR_4_231,Dwelling,Households in rented occupied private dwellings,2013,Count,Weekly rent paid by household,$600 - $699,"Subject pop: Households in rented occupied private dwellings, Year: 2013, Measure: Count, Var1: Weekly rent paid by household ($600 - $699)"
2023 Census totals by topic for households by statistical area 2 (SA2),VAR_4_232,VAR_4_232,Dwelling,Households in rented occupied private dwellings,2013,Count,Weekly rent paid by household,$700 - $799,"Subject pop: Households in rented occupied private dwellings, Year: 2013, Measure: Count, Var1: Weekly rent paid by household ($700 - $799)"
2023 Census totals by topic for households by statistical area 2 (SA2),VAR_4_233,VAR_4_233,Dwelling,Households in rented occupied private dwellings,2013,Count,Weekly rent paid by household,$800 and over,"Subject pop: Households in rented occupied private dwellings, Year: 2013, Measure: Count, Var1: Weekly rent paid by household ($800 and over)"
2023 Census totals by topic for households by statistical area 2 (SA2),VAR_4_234,VAR_4_234,Dwelling,Households in rented occupied private dwellings,2013,Count,Weekly rent paid by household,Not elsewhere included,"Subject pop: Households in rented occupied private dwellings, Year: 2013, Measure: Count, Var1: Weekly rent paid by household (Not elsewhere included)"
2023 Census totals by topic for households by statistical area 2 (SA2),VAR_4_235,VAR_4_235,Dwelling,Households in rented occupied private dwellings,2013,Count,Weekly rent paid by household,Total,"Subject pop: Households in rented occupied private dwellings, Year: 2013, Measure: Count, Var1: Weekly rent paid by household (Total)"
2023 Census totals by topic for households by statistical area 2 (SA2),VAR_4_236,VAR_4_236,Dwelling,Households in rented occupied private dwellings,2013,Count,Weekly rent paid by household,Total stated,"Subject pop: Households in rented occupied private dwellings, Year: 2013, Measure: Count, Var1: Weekly rent paid by household (Total stated)"
2023 Census totals by topic for households by statistical area 2 (SA2),VAR_4_237,VAR_4_237,Dwelling,Households in rented occupied private dwellings,2013,Median,Weekly rent paid by household,Median ($),"Subject pop: Households in rented occupied private dwellings, Year: 2013, Measure: Median, Var1: Weekly rent paid by household (Median ($))"
2023 Census totals by topic for households by statistical area 2 (SA2),VAR_4_238,VAR_4_238,Dwelling,Households in rented occupied private dwellings,2018,Count,Weekly rent paid by household,Under $200,"Subject pop: Households in rented occupied private dwellings, Year: 2018, Measure: Count, Var1: Weekly rent paid by household (Under $200)"
2023 Census totals by topic for households by statistical area 2 (SA2),VAR_4_239,VAR_4_239,Dwelling,Households in rented occupied private dwellings,2018,Count,Weekly rent paid by household,$200 - $299,"Subject pop: Households in rented occupied private dwellings, Year: 2018, Measure: Count, Var1: Weekly rent paid by household ($200 - $299)"
2023 Census totals by topic for households by statistical area 2 (SA2),VAR_4_240,VAR_4_240,Dwelling,Households in rented occupied private dwellings,2018,Count,Weekly rent paid by household,$300 - $399,"Subject pop: Households in rented occupied private dwellings, Year: 2018, Measure: Count, Var1: Weekly rent paid by household ($300 - $399)"
2023 Census totals by topic for households by statistical area 2 (SA2),VAR_4_241,VAR_4_241,Dwelling,Households in rented occupied private dwellings,2018,Count,Weekly rent paid by household,$400 - $499,"Subject pop: Households in rented occupied private dwellings, Year: 2018, Measure: Count, Var1: Weekly rent paid by household ($400 - $499)"
2023 Census totals by topic for households by statistical area 2 (SA2),VAR_4_242,VAR_4_242,Dwelling,Households in rented occupied private dwellings,2018,Count,Weekly rent paid by household,$500 - $599,"Subject pop: Households in rented occupied private dwellings, Year: 2018, Measure: Count, Var1: Weekly rent paid by household ($500 - $599)"
2023 Census totals by topic for households by statistical area 2 (SA2),VAR_4_243,VAR_4_243,Dwelling,Households in rented occupied private dwellings,2018,Count,Weekly rent paid by household,$600 - $699,"Subject pop: Households in rented occupied private dwellings, Year: 2018, Measure: Count, Var1: Weekly rent paid by household ($600 - $699)"
2023 Census totals by topic for households by statistical area 2 (SA2),VAR_4_244,VAR_4_244,Dwelling,Households in rented occupied private dwellings,2018,Count,Weekly rent paid by household,$700 - $799,"Subject pop: Households in rented occupied private dwellings, Year: 2018, Measure: Count, Var1: Weekly rent paid by household ($700 - $799)"
2023 Census totals by topic for households by statistical area 2 (SA2),VAR_4_245,VAR_4_245,Dwelling,Households in rented occupied private dwellings,2018,Count,Weekly rent paid by household,$800 and over,"Subject pop: Households in rented occupied private dwellings, Year: 2018, Measure: Count, Var1: Weekly rent paid by household ($800 and over)"
2023 Census totals by topic for households by statistical area 2 (SA2),VAR_4_246,VAR_4_246,Dwelling,Households in rented occupied private dwellings,2018,Count,Weekly rent paid by household,Not elsewhere included,"Subject pop: Households in rented occupied private dwellings, Year: 2018, Measure: Count, Var1: Weekly rent paid by household (Not elsewhere included)"
2023 Census totals by topic for households by statistical area 2 (SA2),VAR_4_247,VAR_4_247,Dwelling,Households in rented occupied private dwellings,2018,Count,Weekly rent paid by household,Total,"Subject pop: Households in rented occupied private dwellings, Year: 2018, Measure: Count, Var1: Weekly rent paid by household (Total)"
2023 Census totals by topic for households by statistical area 2 (SA2),VAR_4_248,VAR_4_248,Dwelling,Households in rented occupied private dwellings,2018,Count,Weekly rent paid by household,Total stated,"Subject pop: Households in rented occupied private dwellings, Year: 2018, Measure: Count, Var1: Weekly rent paid by household (Total stated)"
2023 Census totals by topic for households by statistical area 2 (SA2),VAR_4_249,VAR_4_249,Dwelling,Households in rented occupied private dwellings,2018,Median,Weekly rent paid by household,Median ($),"Subject pop: Households in rented occupied private dwellings, Year: 2018, Measure: Median, Var1: Weekly rent paid by household (Median ($))"
2023 Census totals by topic for households by statistical area 2 (SA2),VAR_4_250,VAR_4_250,Dwelling,Households in rented occupied private dwellings,2023,Count,Weekly rent paid by household,Under $200,"Subject pop: Households in rented occupied private dwellings, Year: 2023, Measure: Count, Var1: Weekly rent paid by household (Under $200)"
2023 Census totals by topic for households by statistical area 2 (SA2),VAR_4_251,VAR_4_251,Dwelling,Households in rented occupied private dwellings,2023,Count,Weekly rent paid by household,$200 - $299,"Subject pop: Households in rented occupied private dwellings, Year: 2023, Measure: Count, Var1: Weekly rent paid by household ($200 - $299)"
2023 Census totals by topic for households by statistical area 2 (SA2),VAR_4_252,VAR_4_252,Dwelling,Households in rented occupied private dwellings,2023,Count,Weekly rent paid by household,$300 - $399,"Subject pop: Households in rented occupied private dwellings, Year: 2023, Measure: Count, Var1: Weekly rent paid by household ($300 - $399)"
2023 Census totals by topic for households by statistical area 2 (SA2),VAR_4_253,VAR_4_253,Dwelling,Households in rented occupied private dwellings,2023,Count,Weekly rent paid by household,$400 - $499,"Subject pop: Households in rented occupied private dwellings, Year: 2023, Measure: Count, Var1: Weekly rent paid by household ($400 - $499)"
2023 Census totals by topic for households by statistical area 2 (SA2),VAR_4_254,VAR_4_254,Dwelling,Households in rented occupied private dwellings,2023,Count,Weekly rent paid by household,$500 - $599,"Subject pop: Households in rented occupied private dwellings, Year: 2023, Measure: Count, Var1: Weekly rent paid by household ($500 - $599)"
2023 Census totals by topic for households by statistical area 2 (SA2),VAR_4_255,VAR_4_255,Dwelling,Households in rented occupied private dwellings,2023,Count,Weekly rent paid by household,$600 - $699,"Subject pop: Households in rented occupied private dwellings, Year: 2023, Measure: Count, Var1: Weekly rent paid by household ($600 - $699)"
2023 Census totals by topic for households by statistical area 2 (SA2),VAR_4_256,VAR_4_256,Dwelling,Households in rented occupied private dwellings,2023,Count,Weekly rent paid by household,$700 - $799,"Subject pop: Households in rented occupied private dwellings, Year: 2023, Measure: Count, Var1: Weekly rent paid by household ($700 - $799)"
2023 Census totals by topic for households by statistical area 2 (SA2),VAR_4_257,VAR_4_257,Dwelling,Households in rented occupied private dwellings,2023,Count,Weekly rent paid by household,$800 and over,"Subject pop: Households in rented occupied private dwellings, Year: 2023, Measure: Count, Var1: Weekly rent paid by household ($800 and over)"
2023 Census totals by topic for households by statistical area 2 (SA2),VAR_4_258,VAR_4_258,Dwelling,Households in rented occupied private dwellings,2023,Count,Weekly rent paid by household,Not elsewhere included,"Subject pop: Households in rented occupied private dwellings, Year: 2023, Measure: Count, Var1: Weekly rent paid by household (Not elsewhere included)"
2023 Census totals by topic for households by statistical area 2 (SA2),VAR_4_259,VAR_4_259,Dwelling,Households in rented occupied private dwellings,2023,Count,Weekly rent paid by household,Total,"Subject pop: Households in rented occupied private dwellings, Year: 2023, Measure: Count, Var1: Weekly rent paid by household (Total)"
2023 Census totals by topic for households by statistical area 2 (SA2),VAR_4_260,VAR_4_260,Dwelling,Households in rented occupied private dwellings,2023,Count,Weekly rent paid by household,Total stated,"Subject pop: Households in rented occupied private dwellings, Year: 2023, Measure: Count, Var1: Weekly rent paid by household (Total stated)"
2023 Census totals by topic for households by statistical area 2 (SA2),VAR_4_261,VAR_4_261,Dwelling,Households in rented occupied private dwellings,2023,Median,Weekly rent paid by household,Median ($),"Subject pop: Households in rented occupied private dwellings, Year: 2023, Measure: Median, Var1: Weekly rent paid by household (Median ($))"
2023 Census totals by topic for households by statistical area 2 (SA2),AREA_SQ_KM,AREA_SQ_KM,,,,,,,Area square kilometres
2023 Census totals by topic for households by statistical area 2 (SA2),LAND_AREA_SQ_KM,LAND_AREA_SQ_KM,,,,,,,Land area square kilometres
